{
  "total_nodes": 3707,
  "total_edges": 4936,
  "average_degree": 2.6630698678176423,
  "density": 0.0007185833426383276
}